7dec2018-hse-f	correction	–ø–æ—Å–µ—Ç–∏—Ç–µ–ª–∏!	Visitors!	Russian
7dec2018-hse-f	reply	–∑–¥–µ—Å—å –ø–æ –æ–ø—Ä–µ–¥–µ–ª–µ–Ω–∏—é –≤—Å–µ "–ø–æ—Å–µ—Ç–∏—Ç–µ–ª–∏" –¥–∞–º—ã (–¥–µ–≤—É—à–∫–∏ / –∂–µ–Ω—â–∏–Ω—ã / –æ—Å–æ–±–∏ –∂–µ–Ω—Å–∫–æ–≥–æ –ø–æ–ª–∞)‚Üì?	All visitors (girls / women / females) here are ladies by definition.	Russian
7dec2018-hse-f		–∑–¥–µ—Å—å –º–æ–≥–ª–∞ –±—ã –±—ã—Ç—å –≤–∞—à–∞ –≥–µ–Ω–¥–µ—Ä–Ω–∞—è –Ω–µ–π—Ç—Ä–∞–ª—å–Ω–æ—Å—Ç—å	Your gender neutrality could have been here.	Russian
7dec2018-hse-f	reply	–Ω–æ –≤ –∫–∞–∫–æ–π –∂–µ —Ç—É–∞–ª–µ—Ç –∏–¥—Ç–∏ –∫–≤–∏—Ä-–ø–µ—Ä—Å–æ–Ω–µ?	But which restroom should a queer person choose?	Russian
7dec2018-hse-f	reply	–∑–∞—á–µ–º –≥–µ–Ω–¥–µ—Ä–Ω–∞—è –Ω–µ–π—Ç—Ä–∞–ª—å–Ω–æ—Å—Ç—å –≤ –∏—Å–∫–ª—é—á–∏—Ç–µ–ª—å–Ω–æ –∂–µ–Ω—Å–∫–æ–º –ø—Ä–æ—Å—Ç—Ä–∞–Ω—Å—Ç–≤–µ?	Why do you need gender neutrality in a purely female space?	Russian
7dec2018-hse-f	reply	–ù–ï –í–°–ï –æ—Å–æ–±–∏ –∂–µ–Ω—Å–∫–æ–≥–æ –ø–æ–ª–∞ —Ü–∏—Å–≥–µ–Ω–¥–µ—Ä–Ω—ã, –∞–ª–ª–æ!	Not all females are cisgender, hello!	Russian
7dec2018-hse-f	reply	–±–∏–æ–ª–æ–≥–∏—è –≤–∞–∂–Ω–µ–µ –≤–∞—à–∏—Ö —á—É–≤—Å—Ç–≤	Biology is more important than your feelings.	Russian
7dec2018-hse-f	reply	–í—ã —Å–æ—à–ª–∏ —Å —É–º–∞!	You all are crazy!	Russian
7dec2018-hse-f	reply	Vive, Queer Splendor!		English
7dec2018-hse-f	reply	"–ñ–µ–Ω—â–∏–Ω–∞" –∏ "–º—É–∂—á–∏–Ω–∞" - –±–∏–æ–ª–æ–≥–∏—á–µ—Å–∫–∏–µ –ø–æ–Ω—è—Ç–∏—è, –æ–ø—Ä–µ–¥–µ–ª—è–µ–º—ã–µ –ù–ê–ë–û–†–û–ú –†–ï–ü–†–û–î–£–ö–¢–ò–í–ù–´–• –û–†–ì–ê–ù–û–í, –∞ –ù–ï —Å–æ–æ—Ç–≤–µ—Ç—Å—Ç–≤–∏–µ–º —Å–µ–∫—Å–∏—Å—Ç—Å–∫–∏–º —Å—Ç–µ—Ä–µ–æ—Ç–∏–ø–∞–º	"Female" and "male" are biological notions defined by your reproductive organs, not by sexist stereotypes.	Russian
IMG_20190129_113309		–∫—Ç–æ —Ö–æ—á–µ—Ç –≤ –∞–∫–∞–¥–µ–º–∏—é –§–°–ë	Who wants to the FSB academy?	Russian
IMG_20190129_113309	verse	–ø—É—Å—Ç—å –º–µ–Ω—è –∑–∞–¥–∞–≤–∏—Ç —Ç–∞–Ω–∫\n–≤—Å–µ —Ä–∞–≤–Ω–æ —è –±—É–¥—É –ü–ê–ù–ö	Let a tank go over me,\nI'll still be a punk.	Russian
IMG_20190129_113309	verse	–ø–∞–Ω–∫–∏ –∂–∏–≤—ã\n–ø–∞–Ω–∫–∏ –∂–∏–ª–∏\n–ø–∞–Ω–∫–∏ —Ö—É–π –Ω–∞ –≤—Å–µ—Ö –ª–æ–∂–∏–ª–∏	Punks are alive,\npunks have lived,\npunks fucked you all.	Russian
IMG_20190129_113313		—Å–æ—Å–∏ —Ö—É–π	Suck dick.	Russian
IMG_20190129_113313		—Ç—ã –º—É–¥–∞–∫	You are an asshole.	Russian
IMG_20190129_113318		–∫—Ç–æ —Ö–æ—á–µ—Ç –≤ –ê–∫–∞–¥–µ–º–∏—é –§–°–ë	Who wants to the FSB academy?	Russian
IMG_20190129_113318		–º–æ–≥—É –¥–∞—Ç—å —Ç–µ–ª–µ—Ñ–æ–Ω	I can give you the number.	Russian
IMG_20190129_113340		[–æ—É–∫ 5] –Ω–µ–æ–±—Ä–∞—Ç–∏–º	[...] is irreversible.	Russian
IMG_20190129_113349		–µ–±–∞—Ç—å —Å–ø–∞—Ä—Ç–∞–∫!	Fuck Spartak!	Russian
IMG_20190129_113349	correction	–¶–°–ö–ê	CSKA	Russian
IMG_20190129_113349		ogame live!!!		English
IMG_20190129_113349		–í—ã –≤–µ–¥—å –≤ –∫—É—Ä—Å–µ, —á—Ç–æ –±–æ–≥–∞ –Ω–µ—Ç, –ø—Ä–∞–≤–¥–∞?	You know there is no god, right?	Russian
IMG_20190129_113349	reply	–∏ —Å–∫–∞–∑–∞–ª –±–µ–∑—É–º–µ—Ü: –Ω–µ—Ç –ë–æ–≥–∞!	And the fool says: "There is no God."	Russian
IMG_20190129_113349		—Ç—É–∫–∏ —Ö—É–π	[tuki] is a dick	Russian
IMG_20190129_113349		–µ–±–∞—Ç—å –≥–µ–æ—Ñ–∞–∫!	Fuck the geology department!	Russian
IMG_20190129_113349	reply	–∏ –≥–µ–æ–ª–æ–≥–æ–≤	And the geologists.	Russian
IMG_20190129_113349		–±—É–¥–µ—à—å –Ω–∞ –∑–µ–º–ª–µ - –∑–∞—Ö–æ–¥–∏	Come over when you're on Earth.	Russian
IMG_20190129_113349	reply	–∑–∞–π–¥—É	I will [come over].	Russian
IMG_20190129_113353		–∑—Ä–∏ –≤ –∫–æ—Ä—å –¥—É–∫–∞$\n—Ç–∞–≥–∞–Ω–∫–∞	Look in the root [duka$]\nTaganka	Russian
IMG_20190129_113353		–£–ß–£–°–¨ ... –í–£–ó, –≤—Ä–æ–¥–µ –Ω–∞ —É—Ä–æ–≤–Ω–µ ... –µ–±–∞—Ç—å\n–ù–∞ –ø–∞—Ä—ã —Ö–æ–¥–∏—Ç—å –Ω–µ –≤–ø–∞–¥–ª—É.\n–≠—Ç–æ –Ω–µ –º–æ–∂–µ—Ç –Ω–µ —Ä–∞–¥–æ–≤–∞—Ç—å\n[–Ω—Ä–∑–±]	I'm studying ... the university seems to be good enough ... fuck\nVisiting lectures is not boring.\nThis is reassuring.\n[...]	Russian
IMG_20190129_113353	verse	—Å—Ä–µ–¥–∏ –ø–æ—ç—Ç–æ–≤ –≤—ã –≥–æ–≤–Ω–æ\n—Å—Ä–µ–¥–∏ –≥–æ–≤–Ω–∞ - –ø–æ—ç—Ç—ã	You are shit among the poets,\nBut poets among the shit.	Russian
IMG_20190129_113358		FUCKIN' NIKEI		English
IMG_20190129_113358		‡•ê	‡•ê	Other
IMG_20190129_113358		–ï–ë–£–ß–ï!	Fucking	Russian
IMG_20190129_113358		—Ç—ã —Å—ã–Ω —Å–≤–æ–µ–≥–æ —Å—ã–Ω–∞	You are a son of your son.	Russian
IMG_20190129_113358	verse	–Ø –µ–±—É –ê–ª–∏-–ë–∞–±—É!	I fuck Ali Baba.	Russian
IMG_20190129_113358		–ü–æ—Å–º–æ—Ç—Ä–∏ –Ω–∞–ø—Ä–∞–≤–æ...	Look right...	Russian
IMG_20190129_113426		–Ø –∑–∞–µ–±–∞–ª—Å—è –¥—É—Ç—å.	I'm fucking tired of smoking weed.	Russian
IMG_20190129_113426	reply	+1‚Üë		Russian
IMG_20190129_113426	reply	+2‚Üë		Russian
IMG_20190129_113426		RABINOVICH		Russian
IMG_20190129_113426	verse	–ù–µ–∏–∑–¥–∞–Ω–Ω–æ–µ\n–Ø –≤–∞—Å –≤–µ—Ä—Ç–µ–ª, –∏ –∑–Ω–∞–µ—Ç–µ, –±—ã—Ç—å –º–æ–∂–µ—Ç,\n–Ø –¥–æ–≤–µ—Ä—Ç–µ–ª –≤–∞—Å –≤—Å–µ—Ö –µ—â–µ –Ω–µ –¥–æ –∫–æ–Ω—Ü–∞\n–Ø –∫–ª–∞–ª –Ω–∞ –≤–∞—Å —Ö—É–µ—Ü (–∏ –Ω–∞ —Ç–∞–º–æ–∂–Ω—é),\nGuF —Ä–∏–ø, —è –∂–∏–≤, –≤–∞–º –≤—Å–µ–º –≤–æ—Ü–∞–ø!\nS–∫–∏–ª–ª	Unpublished\nI fucked you guys, and you know, maybe\nI haven't fucked you all till the end.\nI don't give a shit about you guys (and the customs),\nGuf RIP, I'm alive, WhatsApp to everybody!\nSkill	Russian
IMG_20190129_113426		–ó–¥–µ—Å—å —É–º–µ—Ä –ì—É—Ñ	Guf died here.	Russian
IMG_20190129_113426		–ê–ª—Ç–∞—Ä—å –ü—Ä—è–º–æ–π –ö–∏—à–∫–∏	Altar of the rectum	Russian
IMG_20190129_113426		–ü–æ—Ç–æ–º–∫–∏, —ç—Ç–æ –ø–æ—Å–ª–∞–Ω–∏–µ –≤–∞–º!\n–°–µ–≥–æ–¥–Ω—è 19 –º–∞—Ä—Ç–∞ 2018 –≥–æ–¥–∞.\n–ü—É—Ç–∏–Ω –æ—Å—Ç–∞–ª—Å—è –Ω–∞ 4—ã–π —Å—Ä–æ–∫...\n–ù–∞–¥–µ—é—Å—å, –≤ –≤–∞—à–µ–º –≤—Ä–µ–º–µ–Ω–∏ –µ–≥–æ —É–∂–µ –Ω–µ—Ç, –∞ –≤—ã –∂–∏–≤—ë—Ç–µ –≤ —Å–≤–æ–±–æ–¥–Ω–æ–º –æ–±—â–µ—Å—Ç–≤–µ!\n–ü—Ä–æ—Å—Ç–∏—Ç–µ –Ω–∞—Å, –ø–æ–º–Ω–∏—Ç–µ –Ω–∞—Å	Descendants, this is a message for you!\nToday is March 19th, 2018.\nPutin is staying for his 4th term...\nI hope he does not exist in your time, and you guys live in a free society!\nForgive us and remember us.	Russian
IMG_20190129_113426		Forresst –ü–∏–¥—Ä–∏–ª–∞ –ï–±–∞–Ω—ã–π	Forresst is a fucking faggot.	Russian
IMG_20190129_113426		all my smoke		English
IMG_20190129_113430		–¢–Æ–†–¨–ú–ê	Jail	Russian
IMG_20190129_113430		–ó–û–ù–ê 89	Zone 89	Russian
IMG_20190129_113430		–∑–∞ –≥–µ–æ–ª–æ–≥–∏—é –∏ –¥–≤–æ—Ä - —Å—Ç—Ä–µ–ª—è—é –≤ —É–ø–æ—Ä!	I shoot on sight for geology and my backyard.	Russian
IMG_20190129_113430		–°–∫–ª–∞–¥—ã–≤–∞–µ—Ç—Å—è –æ—â—É—â–µ–Ω–∏–µ, —á—Ç–æ –≥–µ–æ—Ñ–∞–∫ —Å–æ—Å—Ç–æ–∏—Ç –∏–∑ –æ–¥–Ω–∏—Ö —Ö—É–µ—Å–æ—Å–æ–≤.\n#–º–∏–º–æ–±–æ–º–±–∞–¥–∏–ª	It seems that there are only cock suckers at the geology department.\n#mimobombadil	Russian
IMG_20190129_113438		moscow sp@rtak		English
IMG_20190129_113438		–µ—â—ë –Ω–∞ –≤–∞—Å –æ—Ç—ã–≥—Ä–∞–µ–º—Å—è	We'll have our revenge on you.	Russian
IMG_20190129_113438		–õ –ë –ë—É–¥–∞–∫ (–∑–ª–æ–π)	L B [Budak] (evil)	Russian
IMG_20190129_113438	verse	–ü–∏—Å–∞—Ç—å –Ω–∞ —Å—Ç–µ–Ω–∞—Ö —Ç—É–∞–ª–µ—Ç–∞\n–£–≤—ã, –¥—Ä—É–∑—å—è, –Ω–µ–º—É–¥—Ä–µ–Ω–æ,\n–°—Ä–µ–¥–∏ –≥–æ–≤–Ω–∞ –≤—ã –≤—Å–µ –ø–æ—ç—Ç—ã,\n–°—Ä–µ–¥–∏ –ø–æ—ç—Ç–æ–≤ - –≤—ã –ì–ê–í–ù–û!\n–æ—Å—Ç–∞–≤–∏—Ç—å –∫–æ–º–º–µ–Ω—Ç–∞—Ä–∏–π...\n–æ—Ç–ø—Ä–∞–≤–∏—Ç—å	Writing on toilet walls,\nAlas, is quite easy, my friends,\nYou all are poets among the shit,\nBut you are shit among the poets.\nComment...\nSend	Russian
IMG_20190129_113438	reply	3‚ù§\n–º–Ω–µ –Ω—Ä–∞–≤–∏—Ç—Å—è	3‚ù§\nlikes	Russian
IMG_20190129_113438	reply	–≠—Ç–æ –ø—Ä–æ–∏–∑–≤–µ–¥–µ–Ω–∏–µ –∑–∞—â–∏—â–µ–Ω–æ –ø–∞—Ç–µ–Ω—Ç–æ–º. –ü–æ–∂–∞–ª—É–π—Å—Ç–∞, –æ—Å—Ç–∞–≤—å—Ç–µ —Å–≤–æ–π –∫–æ–Ω—Ç–∞–∫—Ç–Ω—ã–π —Ç–µ–ª–µ—Ñ–æ–Ω –¥–ª—è —Å—É–¥–µ–±–Ω–æ–≥–æ —Ä–∞–∑–±–∏—Ä–∞—Ç–µ–ª—å—Å—Ç–≤–∞.	This is copyrighted material. Please leave your phone number for the litigation.	Russian
IMG_20190129_113438		–ï—Å–ª–∏ –± —è —Ç–∞–∫ –≤ —à–∫–æ–ª–µ —Å—Ä–∞–ª	I wish I shitted like this when I was in high school.	Russian
IMG_20190129_113438	reply	–≤–æ-–≤–æ	Exactly.	Russian
IMG_20190129_113438		–∫—Ç–æ-–Ω–∏–±—É–¥—å —ç—Ç–æ –≤–∏–¥–µ–ª?	Has anyone seen this?	Russian
IMG_20190129_113438	reply	–¥–∞, [–Ω—Ä–∑–±] –ì—É—Ñ —É–º–µ—Ä	Yes, [...] Guf is dead.	Russian
IMG_20190129_113438	verse	–æ—á–∏ –ª–µ–∑—É—Ç –∏–∑ –æ—Ä–±–∏—Ç\n–æ—á–µ–Ω—å [—Ç—É—Å–∫–ª–æ —Å–≤–µ—Ç] –≥–æ—Ä–∏—Ç\n–ø–æ [—Å—Ç–µ–Ω–µ —Å—Ç–µ–∫–∞–µ—Ç] –∫–∞–ª\n–Ω–∏—Ö—É—è [—Å–µ–±–µ –ø–æ—Å—Ä–∞–ª]	My eyes are out of their orbits,\nThe [light is very dim],\nShit is pouring down the wall\nThe fuck [have I shitted]!	Russian
IMG_20190129_113444		–≤—Å—é –¥–≤–µ—Ä—å –∑–∞—Å—Ä–∞–ª–∏, –ø–∏–¥–æ—Ä—ã!	The entire door is in shit, you faggots!	Russian
IMG_20190129_113444		–í–æ—Ç –∏ –≤—Å—ë (—Ç–æ—á–∫–∞)\n–ù—É —á—Ç–æ (–≤–æ–ø—Ä–æ—Å)	That's it (period)\nSo what (question mark)	Russian
IMG_20190129_113506		–ö–£–†–ò –ì–ê–®	Smoke hash.	Russian
IMG_20190129_113506		–ì–û–õ–û–°–£–ô –ü–†–û–¢–ò–í –í–°–ï–•	Vote against all.	Russian
IMG_20190129_113506		make cash smoke hash		English
IMG_20190129_113506		–í–µ–≥–∞—Å –±—ã–ª –≤ –≥–æ—Å—Ç—è—Ö	Vegas paid a visit.	Russian
IMG_20190129_113506		–º—è—Å—É —Å–º–µ—Ä—Ç—å	Death to the meat [Spartak fans].	Russian
IMG_20190129_113506		Âçê	Âçê	Other
IMG_20190129_113512_HHT		–î–£–ö–ê$	Duka$	Russian
IMG_20190129_113512_HHT	verse	–£–±–∏–π—Å—Ç–≤–µ–Ω, –∫–∞–∫ –º–æ—Ä—Ç–∏—Ä–∞, —Ñ–æ–ª—å–∫–ª–æ—Ä —Å–µ–≥–æ —Å–æ—Ä—Ç–∏—Ä–∞.	The folklore of this toilet is killing like a mortar.	Russian
IMG_20190129_113528		–≤–∞–π–Ω–æ–Ω–∞ —Ä–∞–π–¥–µ—Ä –¥–æ —Å–∏—Ö –ø–æ—Ä –æ—Ö—É–µ–Ω–Ω–∞—è	Winona Ryder is still fucking hot!	Russian
IMG_20190129_113528		–≥–¥–µ –≤–∑—è—Ç—å?	Where can I get some?	Russian
IMG_20190129_113528		–ö—É—Ä—é	I'm smoking.	Russian
IMG_20190129_113528		—Å–ø–∞–π—Å –≥–æ–≤–Ω–æ	[This] spice is shit.	Russian
IMG_20190129_113528		–∏–Ω–æ–≥–¥–∞, –≤ –æ–¥–∏–Ω–æ—á–µ—Å—Ç–≤–µ	Sometimes, being alone.	Russian
IMG_20190129_113528	reply	—è –≤—Å–µ–≥–¥–∞	I'm always.	Russian
IMG_20190129_113528		–ø–æ–¥ –º–µ–¥–ª–µ–Ω–Ω—ã–º.	[Under slow.]	Russian
IMG_20190129_113528		—è –ø–æ–±–ª—ë–≤—ã—Å–∞–≤—É—é	[I keep throwing up.]	Russian
IMG_20190129_113528		–Ø –ø–æ–∫—É—Ä–∏–ª	I've smoked.	Russian
IMG_20190129_113528		–Ø –∫—É—Ä—é –º—É—Ç–Ω—ã–π	I'm smoking [the muddy one].	Russian
IMG_20190129_113528		–Ø –ø–æ–æ—Ä–∞–ª =)\n–ø–æ—á—Ç–∏	I LOLd :)\nalmost	Russian
IMG_20190129_113528	reply	–í—Å–µ–º –ø–æ—Ö—É–π!	Noone gives a shit!	Russian
IMG_20190129_113528	verse	–í—Å–µ —ç—Ç–∏ –≤–∞—à–∏ –ø–∞—Ä—Ç–∏–∏\n–°–æ–±—Ä–∞–Ω–∏—è –∏ —Ñ—Ä–∞–∫—Ü–∏–∏\n–ü–æ –º–Ω–µ –≤—Å—è —ç—Ç–∞ —Ñ–∏–∫—Ü–∏—è\n–ù–µ —Å—Ç–æ–∏—Ç –Ω–∏—á–µ–≥–æ	All your parties\nCongresses and factions\nI think all this illusion\nIs worth nothing.	Russian
IMG_20190129_113528	verse reply	–í—ã –≤—Å—ë –ø–∏–∑–¥–∏—Ç–µ –Ω–∞–º\n–° —ç–∫—Ä–∞–Ω–æ–≤ —Ç–µ–ª–µ–≤–∏–∑–æ—Ä–æ–≤\n–ê —è –≤–∞–º –≤ –æ—Ç–≤–µ—Ç\n–ø—Ä–æ–æ—Ä—É –≤—Å—ë —Ä–∞–≤–Ω–æ	You're talking bullshit\nFrom the TV screens,\nAnd, in response,\nI'll shout anyway.	Russian
IMG_20190129_113528		–ü. –ï. –ù.\n-—Å—É\n-—Å—É–∫–∞	[P. E. N.\nass-]\nasshole.	Russian
IMG_20190129_113528		Viva la revolucion	Long live the revolution.	Spanish
IMG_20190129_113528		–ß—Ç–æ –¥–µ–ª–∞—Ç—å –µ—Å–ª–∏ —á–∞—Å—ã –∏–∑–Ω—É—Ç—Ä–∏ –∑–∞–ø–æ—Ç–µ–ª–∏?	What do you do if is there's condensed water inside your watch?	Russian
IMG_20190129_113528	reply	—Å–º–∏—Ä–∏—Ç—å—Å—è!	Live with it!	Russian
IMG_20190129_113604		–ü–û–°–†–ê–õ?	Have you shitted?	Russian
IMG_20190129_113604	reply	–ù–µ—Ç!	No!	Russian
IMG_20190130_120605	verse	–í–µ—Ä—å –≤ —á—É–¥–æ!\n–í–µ–¥–∏ —Å–∫–≤–æ–∑—å —É—à–∫–æ –∏–≥–æ–ª—å–Ω–æ–µ –∫–∞—Ä–∞–≤–∞–Ω –≤–µ—Ä–±–ª—é–¥–æ–≤!\n–ë—É–¥—å –∫–∞–ø–∏—Ç–∞–Ω–æ–º —Å–≤–æ–µ–≥–æ —Å—É–¥–Ω–∞!\n–û—Ç–ø—Ä–∞–≤–ª—è–π—Å—è –≤ –ø—É—Ç–µ—à–µ—Å—Ç–≤–∏–µ —Å–∫–≤–æ–∑—å –≥—Ä—É–¥—ã –∫–Ω–∏–≥!	Believe in the miracle!\nLead a caravan through the eye of a needle!\nBe the captain of your own ship!\nStart on a journey through piles of books!	Russian
IMG_20190130_120829		—Ö–≤–∞—Ç–∏—Ç –ø–∏—Å–∞—Ç—å –Ω–µ—Ä–∞–∑–±–æ—Ä—á–∏–≤—É—é –≤—è–∑—å	You should stop writing unreadable gibberish!	Russian
IMG_20190130_120829	reply	–ù–ï–¢, –Ω–µ —Ö–≤–∞—Ç–∏—Ç	No, you shouldn't stop.	Russian
IMG_20190130_120829	reply	–õ—é–¥–∏ —Å –≥–µ–æ—Ñ–∞–∫–∞ —Ç—É—Ç —Å—Ä–∞–ª–∏ –¢–û–ñ–ï	The geology people have also shitted here.	Russian
IMG_20190130_120831		–¢–£–¢ –°–†–ê–õ –õ–Å–•–ê	Lyokha shitted here.	Russian
IMG_20190130_120911		- –®–û –î–ï–õ–ê–ï–ú?\n- –ö–ê–ö–ê–ï–ú!\n- –¢–£–ü–û –ö–ê–ö–ê–ï–ú?\n- –°–†–Å–ú –ó–î–ï–°–¨!	What are we doing?\nDoing a poo!\nJust doing a poo?\nShitting here!	Russian
IMG_20190130_120915		üê± –£–ß–ò–¢–ï–õ–ï–ú –ë–£–î–ï–®–¨?!?!??	Are you gonna be a teacher?	Russian
IMG_20190130_121139		–∫–∞–∫–æ–≤–æ –º–∞–∫—Å–∏–º–∞–ª—å–Ω–æ–µ –æ—Ç–∫–ª–æ–Ω–µ–Ω–∏–µ –æ—Ç –∞–∫—Ç—É–∞–ª—å–Ω–æ–≥–æ [–≤—Ä–µ–º–µ–Ω–∏] —É –æ—Å—Ç–∞–Ω–æ–≤–∏–≤—à–∏—Ö—Å—è —á–∞—Å–æ–≤?‚Üó üïñ	What's the maximal deviation from the real [time] that a broken watch has?	Russian
IMG_20190130_121141		–ó–¥–µ—Å—å –Ω–µ –±—ã–ª–æ –ö–∏—Ä—ã 2014\n–∏ 2015	Kira was not here 2014.\nAnd 2015.	Russian
IMG_20190130_121141		–ó–¥–µ—Å—å –Ω–µ –±—ã–ª–æ	was not here.	Russian
IMG_20190130_121141		–ó–î–ï–°–¨ –ù–ò–ö–û–ì–û –ù–ï –ë–´–õ–û	Nobody has been here.	Russian
IMG_20190130_121146		–Ω–µ [–±—ã–ª–æ] —Å–º—ã—Å–ª–∞	There [was] no sense.	Russian
IMG_20190130_121146		–ó–¥–µ—Å—å –Ω–µ –±—ã–ª–æ —Å–æ—Ä—Ç–∏—Ä–∫–∏	There was no toilet paper.	Russian
wc_Wien_uni		YOU‚Üò\n‚ÜôLEFT SYSTEM		English
Tallinn_20190109_133144	reply	neither does sumo wrestling!\noops!		English
Tallinn_20190109_133144	reply	sumo has th[r]ee weight classes\noops back		English
Tallinn_20190109_133144	reply	But apparently you can not be the size of a sumo wrestler to take a crap here!		English
Tallinn_20190109_133421		NOTHING is better than an ASSfuck!\nENJOY a DICK 		English
Tallinn_20190109_133432		DONBASS = UKRAINE 		English
Tallinn_20190109_133432		Polak! 	Polish person!	Polish
Tallinn_20190109_133432		–•–£–ô –í–ê–ú 	Fuck yourselves!	Russian
Bielefeld_20171004_202743		DE PUTA MADRE üôÇ	Mother of a whore.	Spanish
Bielefeld_20171004_202743		De puto padre üôÅ	Father of a male whore.	Spanish
Berlin_20170628_202103		‚ò≠	‚ò≠	Other
20190327_113819		(Remember)‚Üì\nYou are Love		English
20190327_113819		(Don't forget)‚Üì\nYou are God		English
20190327_113819		Diogenes did nothing wrong!		English
20190327_113827		WORKERS OF THE WORLD UNITE!\nYOU HAVE NOTHING TO LOSE BUT YOUR CHAINS!		English
20190327_113827	correction	JOB		English
20190327_113827	correction	Dignity		English
20190327_113827		(Remember)‚Üì\nWe are One		English
20190327_113927		The world is a fucked up place and ignorance is bliss ‚úì 		English
20190327_160225		I HATE\n(1) IRONY\n(2) VANDALISM\n(3) LISTS 		English
20190327_160225	reply	‚Üí Racism\nVandals\nGerman tribe\nRoman Empire 		English
20190327_160225	reply	‚Üô Censorship is bad for society 		English
20190327_160225	correction	a mark of a civilised society 		English
20190327_160225		ARAB DOGS OUT OF EUROPE		English
20190327_160225		AND IRAQIS OUT OF FINLAND ‚Üó		English
20190327_160231		Mein panzerwagen ist kaputt!\nHilfe!	My armored car is broken!\nHelp!	German
20190327_160231		DURCH DIE W√úRZELN ALLES\nANFANGEN K√ñNNEN M√úSSEN 		German
20190327_160231		Metaphysics is good 4 you 		English
20190327_160231	correction	‚Üë are 		English
20190327_160231		IT'S OK TO BE WHITE 		English
20190327_160231		But I prefer to be Black Jewish Lesbian FEMINIST\n(and I'm having a shit in your toilet to make a point) 		English
20190327_160231		Why Be If You Could Just Not to Be 		English
20190327_160240		‚ò≠ 	‚ò≠ 	Other
20190327_160240		Orb√°n egy geci	Orb√°n is a motherfucker 	Hungarian
Tmn_gymnasium_83_F_1		–ö–ï–ö –ù–î–≠	Lol, yeah.	Russian
Tmn_gymnasium_83_F_1		–õ—é–±–ª—é –º–æ–µ–≥–æ –í.	I love my V.	Russian
Tmn_gymnasium_83_F_1	verse	–ì—Ä–∞—Ñ –í–∞–Ω –õ–∞–≤	Duke One Love.	Russian
Tmn_gymnasium_83_F_1		–≥–æ–≤–Ω–æ	Shit.	Russian
Tmn_gymnasium_83_F_1		–ê+–ú = –¥–≤–µ –∫–∞—Ä—Ç–æ—à—ã4–∫–∏	A+M = two potatoes.	Russian
Tmn_gymnasium_83_F_2		–°–î–ê–ú –ù–ê 143 –±–∞–ª–ª–∞	I'll have 143 points [for the exam].	Russian
Tmn_gymnasium_83_F_2		–ï–ì–≠ –°–û–°–Å–¢ üôÇ	The exam sucks.	Russian
Tmn_gymnasium_83_F_3		–Ω–µ –∏—Å–∫–ª—é—á–∞–π—Ç–µ :(	Don't expel me.	Russian
Tmn_gymnasium_83_F_4		–ó–î–ï–°–¨ –±—ã–ª–∏ –¥–≤–µ –ó–∞–π–∫–∏ ‚ù§	Two bunnies / cuties have been here.	Russian
Tmn_gymnasium_83_F_5_tut_bomba_poor_quality		–¢–£–¢ –ë–û–ú–ë–ê ‚Üì üí£	There's a bomb here.	Russian
Tmn_gymnasium_83_F_6		–•–†–ê–ü	[SNORE]	Russian
Tmn_gymnasium_83_F_7		Willy Wonka		English
Tmn_gymnasium_83_M_1_edited		<–ò–ú–Ø> –≥–æ–º–∏–∫ -\n<–ò–ú–Ø> -\n- –î–ê	<NAME> is a faggot.\n<NAME> -\n- Yes.	Russian
Tmn_gymnasium_83_M_2		–•–£–ô	Dick.	Russian
Tmn_gymnasium_83_M_2		–°–†–ê–¢–¨	Shit.	Russian
9dec2013-2-msu-f		–Ø —Ö–æ—á—É —á—Ç–æ–± –≤—Å–µ –º–æ–∏ –æ–¥–Ω–æ–≥—Ä—É–ø–ø–Ω–∏–∫–∏ —Å–¥–æ—Ö–ª–∏, —ç—Ç–æ –Ω–æ—Ä–º?	I want all my classmates to die, is that OK?	Russian
9dec2013-2-msu-f	reply	–Ω–µ—Ç, –Ω–µ —Å–æ–≤—Å–µ–º, [–Ω—Ä–∑–±]	No, not really, [...]	Russian
9dec2013-2-msu-f		–í–°–Å –°–û–ù, –ë–û–ì–ê –ù–ï–¢, –£–ù–ò–í–ï–† - –ë–ï–ì –ù–ê –ú–ï–°–¢–ï	Everything is a dream, there is no god, university is running on the spot.	Russian
9dec2013-2-msu-f	reply	—Å—Ç–æ–ª—å–∫–æ –ø–µ—Å—Å–∏–º–∏–∑–º–∞?\n–ì–¥–µ-—Ç–æ —Ç–æ—á–Ω–æ –µ—Å—Ç—å –ë–æ–≥, –ø—Ä–∞–≤–¥–∞ –∏ —è–≤—å	[Why] so much pessimism?\nThere is God, truth and reality somewhere.	Russian
9dec2013-2-msu-f		–£ –º–µ–Ω—è –∑–∞–ø–æ—Ä!!!	I have constipation.	Russian
9dec2013-2-msu-f	reply	–ê –£ –ú–ï–ù–Ø –ó–ê–ë–û–† :(	And I have a fence.	Russian
9dec2013-msu-f		‚ù§ –í—Å–µ —É–µ–±–∞–Ω—ã\n—Ö–æ—á—É —Å—ä–µ—Å—Ç—å —Å–≤–æ–µ –≥–æ–≤–Ω–æ	Everyone is a moron.\nI want to eat my own shit.	Russian
11dec2013-2-msu-f		DON'T BEAM ME UP SCOTTY\nI'M TAKING A SHI[T]		English
11dec2013-3-msu-f		Silence of the lambs will fall		English
11dec2013-msu-f		HIMYM ‚ù§		English
11dec2013-msu-f		Join the Clone club!		English
11dec2013-msu-f		–î—ã–Ω–µ–µ–±	Melon fucker.	Russian
11dec2013-msu-f		–º–∞—Ä—Ç—ã—à–ª—é—à–∫–∞	Ape whore.	Russian
11dec2013-msu-f		–ê—Ö—É–µ–Ω–Ω–æ —É–º–Ω–∞—è —Ä–∞–∫–µ—Ç—á–∏—Ü–∞	[I'm a] fucking smart missile launcher.	Russian
11dec2013-msu-f		–ö–∞–∫ –≤–∞–º 5 —Å–µ–∑–æ–Ω?	How do you like season 5?	Russian
11dec2013-msu-f	reply	–ì–æ–≤–Ω–æ, —Å–º–æ—Ç—Ä–∏[—Ç–µ] "–ò–≥—Ä—É –ø—Ä–µ—Å—Ç–æ–ª–æ–≤"	Bullshit, you should watch "Game of Thrones".	Russian
11dec2013-msu-f	reply	–ú–Ω–µ –Ω—Ä–∞–≤–∏—Ç—Å—è "–ò–≥—Ä–∞ –ø—Ä–µ—Å—Ç–æ–ª–æ–≤", –Ω–æ —è –≤—Å—ë-—Ç–∞–∫–∏ —Ö–æ—á—É –ø–æ–≥–æ–≤–æ—Ä–∏—Ç—å –ø—Ä–æ 5 —Å–µ–∑–æ–Ω Misfits.\n3 —Å–µ—Ä–∏—è —Å—É–ø–µ—Ä! –ö–∞–∫ –±—É–¥—Ç–æ —Å–µ—Ä–∏–∞–ª –∏ –Ω–µ —Å–∫–∞—Ç—ã–≤–∞–ª—Å—è.	I like "Game of Thrones", but still I'd like to discuss season 5 of Misfits.\nEpisode 3 is fantastic! You could think the series is back on track.	Russian
11dec2013-msu-f	reply	–ê –∫—Ç–æ –∏–∑ [–ù–ü] —Ç–µ–±–µ –±–æ–ª—å—à–µ –Ω—Ä–∞–≤–∏—Ç—Å—è? =D	Who in [Misfits?] do you like the most then?	Russian
11dec2013-msu-f		–¢—É–∞–ª–µ—Ç–Ω–∞—è –±—É–º–∞–≥–∞ –¥–ª—è —Å–ª–∞–±–∞–∫–æ–≤.	Toilet paper is for losers.	Russian
11dec2013-msu-f		–±–ª–µ–∞—Ç—å	Fuck.	Russian
13dec2013-2-msu-f		–ú–æ—ç –º–æ—ç –∫—å—é–Ω	Moe moe kyun (some otaku meme)	Russian
13dec2013-2-msu-f		fuck yeah!\nGame of Thrones ‚ù§		English
13dec2013-2-msu-f	reply	winter is coming!		English
13dec2013-2-msu-f	reply	–æ–Ω —É–º—Ä–µ—Ç	He will die.	Russian
13dec2013-2-msu-f	reply	–æ–Ω –Ω–∏—Ö—É—è –Ω–µ –∑–Ω–∞–µ—Ç	He doesn't know shit.	Russian
13dec2013-3-msu-f		–∫—Ç–æ-–Ω–∏–±—É–¥—å —Å–º–æ—Ç—Ä–∏—Ç "–ì–∞–Ω–Ω–∏–±–∞–ª–∞"? =)	Is anybody watching "Hannibal"?	Russian
13dec2013-3-msu-f	reply	–î–∞–∞–∞ ‚Üë\n–ó–∞—á–µ—Ç–Ω—ã–π —Å–µ—Ä–∏–∞–ª	Yeah.\nCool series.	Russian
13dec2013-3-msu-f		–º–µ—Ç—Ä–æ - –∫–ª–∞—Å—Å–Ω—ã–π —Ñ–∏–ª—å–º	"Metro" is a cool movie.	Russian
13dec2013-3-msu-f		Fairy Tail ?^^		English
13dec2013-3-msu-f		–ü–´–©		Russian
13dec2013-4-msu-f		–ú–ì–£ –í–´–®–ö–£ –ø—Ä–µ–≤–æ—Å—Ö–æ–¥–∏—Ç –≤–æ –º–Ω–æ–≥–æ–º, –Ω–æ –≥–ª–∞–≤–Ω–æ–µ - –æ–±—â–Ω–æ—Å—Ç—å –º–Ω–æ–≥–∏—Ö –ø–æ–∫–æ–ª–µ–Ω–∏–π –≤ –ø–µ—Ä–µ–ø–∏—Å–∫–µ –Ω–∞ —Å—Ç–µ–Ω–∞—Ö —Ç—É–∞–ª–µ—Ç–∞!!!	MSU surpasses HSE in many respects, but the most important thing is multiple generations coming together to write on the toilet walls!	Russian
13dec2013-4-msu-f		–ö–û–ú–ú–¨–Æ–ù–ò–¢–ò?!	Community?	Russian
13dec2013-msu-f		What about the Gossip Girl? =)		Russian
15may2014-msu-f		–ü–∏–∑–¥–µ—Ü —Ç—É—Ç —É –≤–∞—Å, –∞ –Ω–µ —Ç—É–∞–ª–µ—Ç—ã!\n(–ø—Ä–∏–≤–µ—Ç –∏–∑ –®—É–≤–∞–ª–æ–≤—Å–∫–æ–≥–æ –∫–æ—Ä–ø—É—Å–∞, —Ç–∞–º –≤—Å—ë –∫—Ä–∞—Å–∏–≤–æ –∏ —á–∏—Å—Ç–æ)	The shit of a toilet you have here!\n(I'm from the Shuvalovsky building, everything is nice and clean there.)	Russian
15may2014-msu-f	reply	–£ –Ω–∞—Å —Ç—É—Ç –≤–æ–æ–±—â–µ –ø–∏–∑–¥–µ—Ü.	Everything is shit here.	Russian
15may2014-msu-f	reply	–≠—Ç–æ —Å–≤—è–∑—å –ø–æ–∫–æ–ª–µ–Ω–∏–π, —Ç–∞—â–µ–º—Ç–∞	This is kinda generational bridge.	Russian
15may2014-msu-f	reply	–í–µ–∑—ë—Ç, –∞ —É –º–µ–Ω—è –Ω–∞–±–æ—Ä :(	You're lucky, and I have a set.	Russian
15may2014-msu-f	reply	–ê —É –º–µ–Ω—è —Ç–æ–ø–æ—Ä (:	And I have an axe.	Russian
15may2014-msu-f	reply	–¢–æ—Ä - –±–æ–±–µ—Ä	Tor - beaver.	Russian
15may2014-msu-f		‚ù§ Larry		English
Leipzig_20190823_120438	verse	Statt Politik zu diskutieren, bin ich nur zum Kacken hier	Rather than discussing politics, I'm only here to poo.	German
20190327_113819		Opiskelin noin seitsem√§n vuotta, n√§in vuosikurssi-ihastukseni, saimme lapsia.\nNyt py√∂rittelen papereita kanslerin alaisuudessa ja sen sijaan, ett√§ sovittelisin revolveria suuhuni, tulen t√§nne hakemaan sis√§lt√∂√§ el√§m√§√§ni.	I studied about seven years, I met my crush at the class, we had children, now I'm doing paperwork under the chancellor and instead of trying to put a revolver to my mouth, I come here to search content for my life.	Finnish
20190327_113819	reply	Omistatko oikeasti revolverin?	Do you really own a revolver?	Finnish
20190327_113819		Rasisti ei banaania sy√∂	A racist doesn't eat bananas.	Finnish
20190327_113827		Paskoin t√§√§ll√§ ekan kerran p√§√§sykokeessa 2005, valmistuin vuosia sitten, paskon t√§√§ll√§ edelleen	I shitted here for the first time in 2005 when I had my entrance exam, I graduated years ago, I still shit here.	Finnish
20190327_113827		Sukuvaltio	Familynation	Finnish
20190327_113827		Suomi tahtoo verta?	Finland wants blood?	Finnish
20190327_113827		Suomi EI tarvitse ulkomaista roskajoukkoa: murhaajat, raiskaajat, rosvot, [...], juopot	Finland DOESN'T need trash groups from abroad: murderers, rapers, crooks, [...], drunks	Finnish
20190327_113827	reply	T√§√§ :D	This.	Finnish
20190327_113827		Tere Sammallahti	Hello Sammallahti	Finnish
20190327_113827		L√§ski Nato	Fat Nato	Finnish
20190327_113827		INB4 rasisti 	INB4 racist	Finnish
20190327_113827	reply	En vitussa ole	I'm definitely not	Finnish
20190327_113827	reply	Paskoin t√§√§ll√§ ekan kerran 1982, sitten tuli pari v√§livuotta ja nyt 2018 teen gradua ja paskon t√§√§ll√§ edelleen	I shitted here for the first time in 1982, then I took a couple of years of and now 2018 I write my final thesis and still shit here	Finnish
20190327_113827		Kuudes vuosi yliopistolla alkaa, sain olla eka joka kirjoittaa t√§h√§n paperiin. Yliopistourani suurin saavutus.	My sixth year at the University starts, I was first to write on this paper. The biggest achievement of my University career.	Finnish
20190327_113827		Mee t√∂ihin!	Go to work!	Finnish
20190327_113827		Kolmas!	Third!	Finnish
20190327_113827	reply	Kahdeskymmenestoinen!	22th!	Finnish
20190327_113827		H√§vetk√§√§ vitut!	Be ashamed you cunts!	Finnish
20190327_113827		Ankara √§√§rimm√§inen kilpailu	Hard extreme competition	Finnish
20190327_113827		Trivial Pursuit-yhdentekev√§ kilvoittelu	Trivial Pursuit indifferent competition	Finnish
20190327_113827		Saatana on herrasmies	Satan is a gentleman	Finnish
20190327_113827	reply	Saatana on myyntimies	Satan is a salesman	Finnish
20190327_113827		Sukupuolineutraalit vessat ovat perseest√§	Gender neutral toilets suck	Finnish
20190327_113827	reply	Sukupuolineutraalit vessat asiaa! (ja t√§√§ll√§ min√§ toimittamassa toista asiaa)	Gender neutral toiles are good! (and here I'm having one)	Finnish
20190327_113827		Rotuerottelu	Race segregation	Finnish
20190327_113827		Maahanmuuttoik√§ 50 v	Immigration age 50 yrs	Finnish
20190327_113841		Nuorin EU:ssa	Youngest in EU	Finnish
20190327_113841		Puheviestint√§ on perseest√§	Speech communication sucks	Finnish
20190327_113841		Itse√§ni ei sukupuolineutraalit vessat haittaa, mutta aika? monet ihmiset niiss√§ on vaikuttanut	I don't mind gender neutral toilets, but quite many people seem very ? in them	Finnish
20190327_113841		Ilmoitustaululla 16 tulevista v√§it√∂ksist√§ 19 on in Her Majesty's English language	On the notice board 16 of 19 upcoming theses are in Her Majesty's English language	Finnish
20190327_113841		Trump + Hillary = Billy + Melanie\nSiin√§p√§ parinvaihtoHalloween	That's a couples swing Halloween	Finnish
20190327_113841		¬Ω p√∂nt√∂n fuksineitsyyden 2018	¬Ω toilet first years virginity 2018	Finnish
20190327_113841		[...] Lapsivaras	[List of names]\nChild thief	Finnish
20190327_113850		√Ñmmien loukku	Bitch trap	Finnish
20190327_113850		Saan Kelalta nyt 200 ‚Ç¨/kk edellisen 400 ‚Ç¨/kk sijaan\nKyse ajojahdista 	I receive 200 euro per month from Kela (social security office) instead of 400 euro per month this is a witch hunt	Finnish
20190327_113850		Suomessa ei ole sos. turvaa	There is no social security in Finland	Finnish
20190327_113850	reply	Min√§ en saa Kelalta mit√§√§n	I don't get anything	Finnish
20190327_113850		Nostivat 490:n	They raised it to 490 euros	Finnish
20190327_113850		tammi 2019	January 2019	Finnish
20190327_113902		Persuista kuuluu Trump Trump	I hear Trump, Trump from Persut [a political party]	Finnish
20190327_113902		Paskal√§j√§	Peace of shit	Finnish
20190327_113902		Perskeko	Ass pile	Finnish
20190327_160225		Vittu oon n√∂yryytt√§nyt itseni	Fuck I've humiliated myself	Finnish
20190327_160225		Lukekaa t√§m√§: Chungtse: Joutilaan vaelluksesta	Read this: Chuangtse: [Name of the book]	Finnish
20190327_160225	reply	Markus Aurelius: Itselleni	Marcus Auerlius: Meditations [To one's self]	Finnish
20190327_160225	reply	Ilman ‚Äì Timo Hannikainen	Without - Timo Hannikainen	Finnish
20190327_160225		Hurrit vittuun Suomesta!	Swedish go away from Finland!	Finnish
20190327_160225	reply	Ugrit takaisin Siperiaan!	Ugris go back to Siberia!	Finnish
20190327_160225	reply	Kiina pois Aasiasta!	China go away from Asia!	Finnish
20190327_160225		Klaanikunta takaisin	Klan nation back	Finnish
20190327_160225		Maapallo [...]	Globe to [...]	Finnish
20190327_160225	reply	Kannatan	I agree	Finnish
20190327_160225		Kiitos Mestari	Thank you Champion	Finnish
20190327_160231		Tajuatte viel√§ nerouteni!!! Lukekaa kirjojani!! T. Tohtori Paavo V√§yrynen	You will understand my genius! Read my books!! Wishes: Dr. Paavo V√§yrynen	Finnish
20190327_160231		Raejuusto on oikeasti muumijauhelijaa	Cottage cheese is actually moomin mince.	Finnish
20190327_160231		Kauppa‚Äùtieteet‚Äù - > humanistin ‚Äùpalkka‚Äù -> ty√∂ joka on ‚Äùmerkityksellist√§‚Äù	Economic ‚Äùstudies‚Äù -> ‚Äùsalary‚Äù of a humanist -> work that is ‚Äúmeaningful‚Äù	Finnish
20190327_160231		El√§m√§ nopea tee lapsia	Life is fast, make babies	Finnish
20190327_160231		paitsi ett√§ lika n√§kyy helpommin	except you can see the dirt easier	Finnish
20190327_160231		niin ja palaa auringossa	and you'll burn in the sun	Finnish
20190327_160240		Testaa rajojasi Puhu Totta	Test your limits Speak truth	Finnish
20190327_160240		Yritt√§k√§√§ enemm√§n! En inspiroidu t√§st√§ paskanjauhannasta	Try more! I'm not inspired by this bullshit	Finnish
20190327_160240		Kyberkeskus valvoo hybridej√§	Cybercentral supervises hybrids	Finnish
20190327_160240		Muistakaa √§√§nest√§√§ √§√§rikeskustaa!	Remember to vote extreme central!	Finnish
20190327_160240		Kuka on t√§m√§ kaikki?	Who is this all?	Finnish
20190327_160240		Rikos sallittu suojeluskyttismille, anarkia sallittu kommunismille, v√§linpit√§m√§tt√∂myys tieteelle, erhe jumalalle	A crime is allowed to protection, anarchy is allowed to communism, indiffedence to science and mistake to god.	Finnish
20190327_160240	reply	Ei lotunkeja Suomeen! Ei lotunkeja minnek√§√§n! Ei mit√§√§n minnek√§√§n!	No lotungs to Finland! No lotungs to nowhere! Nothing to nowhere!	Finnish
20190327_160240	reply	Lotungit pois yliopistosta! Lottungit vittuun koko Suomesta!	Lotungs away from university! Lotungs away from whole Finland!	Finnish
20190327_160240	reply	Mik√§ on lotunki? Varmaan joku persutermi	What is a lotung? I guess some term	Finnish
20190327_160240		√Ñht√§riss√§ vakoilijakuulutusta	There are spy announcements in √Ñht√§ri	Finnish
20190327_160240		√Ñmm√§ ei ole mies	Bitch is not a man	Finnish
20190327_160240		N√∂yristelet saadaksesi 	You'll humiliate yourself to get it	Finnish
20190327_160240		Et tarvii kun opit	You won't need it when you learn	Finnish
20190327_160255		Kiitos Herralle!	Thank you Lord!	Finnish
20190327_160255		Tarpeita tyydytet√§√§n se on viisasta	It's wise to satisfy your needs.	Finnish
20190327_160255		Kuolema koittaa aikanaan meille kaikille	We will all eventually die.	Finnish
20190327_160255		Eik√∂s vasuri ole vasurin pahin vihollinen?	Isn't a leftie the worst enemy of a leftie?	Finnish
20190327_160255		Onko t√§m√§ ns edistys vasuriviher√∂int√§	Is this so called progressive leftists and greenist	Finnish
20190327_160255		Papru-Sensuuri	Paper censorship	Finnish
20190327_160255		Kuolema: [...]	Death to: [list of names]	Finnish
20190327_160255	reply	Minullekkinko?	To me too?	Finnish
20190327_160313		Vihre√§ vasemmisto	Green lefts	Finnish
20190327_160324		Sis√§ist√§ luontoa	Understand nature	Finnish
20190327_160331		Mit√§ tekisit jos et pelk√§isi?	What would you do if you weren't afraid?	Finnish
20190327_160331	reply	Flirttailisin	I'd flirt	Finnish
20190327_160331	reply	K√§visin Haitissa ja Jamaikalla	I'd visit Haiti and Jamaika	Finnish
20190327_160331	reply	En mit√§√§n	Nothing	Finnish
20190327_160331	reply	Polttaisin tupakkia	I'd smoke cigarettes	Finnish
20190327_160331	reply	Hankkisin p√§√§kallotatuoinnin k√§sivarteeni	I'd get a skull tattoo on my arm	Finnish
20190327_160331		Iivana √§sken tarpeilla kun mennyt tavaraa liki p√∂nt√∂n yli!	Has a Russian (an Ivan) been here? because shit has gone over the toilet!	Finnish
20190327_160331		Ummetus kun tulee v√§ki ei p√§√§se pois	When constipation comes, people wont' get out.	Finnish
20190327_160339		Jos t√§ll√§ suorituksella p√§√§see l√§pi, niin sitten kyse on vain koulun tasosta ja luovuudesta	If I pass this exam, then it's only about the quality of the school and my creativity	Finnish
20190327_160339		Tulin t√§nne kun rupesi tulemaan kakkah√§t√§	I came here when I started to feel I needed to poo.	Finnish
20190327_160347		Viva Vihre√§ Vasemmisto	Viva Green Left	Finnish
kgd1		–Ø –ª—é–±–ª—é\n–õ–∏–∑—É ‚ù§\n04.10.19	I love\nLisa ‚ù§\n04.10.19	Russian
kgd2	reply	–°–∞–≤–∞ ‚ù§\n04.10.19 ‚ù§	Sava ‚ù§\n04.10.19 ‚ù§	Russian
kgd3		Make –ï–ª—å—Ü–∏–Ω	Make Yeltsin	Russian
kgd4		RELAX		English
kgd4		–§–∏–ª ‚ù§	Phil ‚ù§	Russian
kgd4		–†–æ–º–∞!\n–î–∞–π –¥–µ–Ω–µ–≥!	Roma! Give me some money!	Russian
kgd5		–ü–æ–∫–∞–π—Å—è ‚ò¶	Repent ‚ò¶	Russian
kgd5	correction 	–ü–æ–∫–∞–∫–∞–π—Å—è	[Poop yourself]	Russian
kgd5	reply	–ê –ª—É—á—à–µ –ø–æ–∫–∞–∫–∞–π	But better poop	Russian
kgd6	verse	–ß–Å-–¢–û –¢–ê–ú\n–†–ê-–ü–ê-–ü–ê–ú\n–í –ö–ü–î\n2–ö19\n–í–°–ï –î–ï–†–¨–ú–û\n–†–ï–ê–õ–¨–ù–û\n–ë–ò–ß\n7.13.19\n–ò–ö–ú–°–Ø	Something\nTra-la-la\nIn [...]\n2019\nEverything is shit\nReally\n[Bitch?]\n7.13.19\n[...]	Russian
kgd7	verse	–°–≤–æ–±–æ–¥–∞ –ø–æ—Ç–µ—Ä—è–ª–∞\n–ø–µ—Ä–≤–æ—Ä–æ–¥—Å—Ç–≤–æ.\n–ï—ë –Ω–µ—Ç –Ω–∏ –∑–¥–µ—Å—å\n–Ω–∏ —Ç–∞–º.\n–ö—É–¥–∞ –ø–ª—ã—Ç—å?\n–ù–µ –∑–Ω–∞—é, –∫–∞–ø–∏—Ç–∞–Ω.	Freedom has lost\nits primogeniture.\nIt's neither here\nnor there.\nWhere should we sail?\nI don't know, captain.	Russian
kgd8		–ù–æ–∂–µ–∫\n–ü–∏—Ç–µ—Ä\n–ë–µ–ª–≥–æ—Ä–æ–¥	Nozhek [?]\nSt Petersburg\nBelgorod	Russian
kgd9		–ò—Ä–∫—É—Ç—Å–∫–∞—è –æ–±–ª–∞—Å—Ç—å\n–¥–µ–ª–∞–µ—Ç –¥–≤–∏–∂	Irkutsk Region [moves it]	Russian
kgd9		‚ù§ ‚ù§ ‚ù§ ‚ù§ ‚ù§ –ö–æ{–º}–º—É–Ω–∏–∑–º - –ø—É—Ç—å —Ä–∞–±—Å—Ç–≤–∞ ‚ù§ ‚ù§	Communism is a path of slavery	Russian
kgd10		–ú–æ–∏ —Ä–æ–¥–∏—Ç–µ–ª–∏ –Ω–µ –∑–Ω–∞—é—Ç, —á—Ç–æ —è –ª–µ—Å–±—É—Ö–∞	My parents don't know I'm a dyke	Russian
kgd10		–ë—É–¥–µ—à—å –≤ –ï–ö–ë ‚Äî\n–∑–≤–æ–Ω–∏ ;)	If you come to Yekaterinburg,\ncall me :)	Russian
kgd10		–£–†–ê–õ –°–ò–õ–ê	Ural is power	Russian
kgd10	verse	–ö–∞–∫ –∑–¥–æ—Ä–æ–≤–æ\n—á—Ç–æ –≤—Å–µ –º—ã –∑–¥–µ—Å—å\n—Å–µ–≥–æ–¥–Ω—è —Å–æ–±—Ä–∞–ª–∏—Å—å	It's great\nto have all of us\nhere today.	Russian
kgd10		–ö–∞–ª–∏ –Ω–µ –ª—é–±–ª—é, –∞ –µ–ª—å –ª—é–±–ª—é	I don't like [Kali], but I do like [fir].	Russian
kgd10		Paikka varattu	The place is occupied.	Finnish
kgd10		HALA 13\nVANDALA	[Long live vandals]	Russian
kgd11		–ü–µ–π –±—É—Ö–ª–æ!	Drink booze! 	Russian
kgd12	verse	–£—Ä–∞–ª–∞\n—Ç–≤–µ—Ä–¥—ã–Ω—è\n–æ—Ä–∞–ª–∞ 	The stronghold\nof the Urals\nwas screaming.	Russian
kgd12		–ï–ö–ë\none love 	Yekaterinburg\none love	Russian
kgd12		–ñ–∏–≥—É–ª—ë–≤—Å–∫–æ–µ\n–∏–∑ –°–∞–º–∞—Ä—ã ‚Äî \n–ª—É—á—à–µ–µ\n–ø–∏–≤–æ ever	Zhigulyovskoe beer from Samara is the best beer ever	Russian
kgd12		–ú–æ—Ä–æ–∑ 2019	Moroz [nickname, last name, or, literally, 'frost'] 2019	Russian
kgd12		161	161	Russian
kgd12		–í —á–µ—Å—Ç—å\n–ø—Ä–æ—à–ª–æ–≥–æ - –Ω–µ–≤–æ–∑–≤—Ä–∞—Ç–Ω–æ–≥–æ\n–≤–æ –∏–º—è\n–±—É–¥—É—â–µ–≥–æ - –Ω–µ–∏–∑–≤–µ—Å—Ç–Ω–æ–≥–æ	In the honour\nof non-returnable past,\nin the name\n of non-predictable future	Russian
kgd12		14/88	14/88	Other
kgd13		–°. –õ. –û. –ù.	A. C. A. B.	Russian
kgd13		–õ—ë—Ö–∞	Lyokha	Russian
kgd13	reply	–Ø ‚ù§ —Ç–µ–±—è	I ‚ù§ you	Russian
kgd13	reply	–ü—Ä–∏–¥—É—Ä–∫–∏	Pricks	Russian
kgd14		–Ø —Å–æ—Å–∞–ª\n–º–µ–Ω—è\n–µ–±–∞–ª–∏\n‚ù§	I sucked\nand was\nfucked\n‚ù§	Russian
kgd15		–ß–µ–º\n—Ç—ã\n–∑–∞—Å–ª—É–∂–∏–ª\n—Å–º–µ—Ä—Ç—å?	What did you do to deserve to die?	Russian
kgd15		–ò–Ω–æ–≥–¥–∞ –ø–æ–Ω–∏–º–∞–µ—à—å ‚Äî\n–∫–∞–∫, —Å—É–∫–∞, –∑–¥–æ—Ä–æ–≤–æ\n–±—ã—Ç—å –∂–∏–≤—ã–º!	Sometimes you understand that being alive is fucking great!	Russian
kgd15		[–∫–æ–Ω—Ç—É—Ä—ã –æ–∑–µ—Ä–∞ –ë–∞–π–∫–∞–ª]\n–ë–∞–π–∫–∞–ª\n‚Ä¢ —Å–∏–ª–∞\n‚Ä¢ –ª—é–±–æ–≤—å	[lake Baikal contours]\nBaikal [is]\n‚Ä¢ power\n‚Ä¢ love	Russian
kgd15	reply	‚Ä¢ –æ–Ω–∞–Ω–∏–∑–º	‚Ä¢ onanism	Russian
kgd16		je represente la\nFrance / 22/01/19\npour la russie ‚ù§	I represent France\n[for Russia ‚ù§]	French 
kgd16		–í–æ–ª–∂—Å–∫–∏–π\n–≥–µ–¥–æ–Ω–∏–∑–º\n–ü—Ä–∏–µ–∑–∂–∞–π—Ç–µ –≤\n–°–∞–º–∞—Ä—É-\n–º–∞–º—É	Volga hedonism\nCome to Mother Samara	Russian
kgd16		–í–æ–ª–≥–∞ –º–∞–º–∞	Mother Volga	Russian
kgd17	verse	–î–ª—è –Ω–µ–∂–Ω—ã—Ö\n–∏ —Ç—Ä–µ–ø–µ—Ç–Ω—ã—Ö\n–¥–ª—è –≤—Å–µ—Ö\n–º—è–≥–∫–∏—Ö\n—Å–µ—Ä–¥—Ü–µ–º 	For tender and trembling ones, for all whose hearts are soft	Russian
kgd18		–°–∞–º–∞—Ä–∞ ‚Äî \n –ø–∏–≤–Ω–∞—è \n –º–µ–∫–∫–∞ \n –º–∏—Ä–∞	Samara is the world's beer Mecca	Russian
kgd19		–ù–∏—á—Ç–æ–∂–µ—Å—Ç–≤–æ	Worthlessness	Russian
kgd19		–ê–¥ –Ω–µ\n—Ä–∞–¥\n–≤—Å–µ –±–µ—Å—ã\n–≤ —Ö–ª–∞–º	Hell is not pleasured, demons are boozed 	Russian
kgd20		–ü–æ–∑–≤–æ–Ω–∏ –º–∞–º–µ	Call your mum	Russian
british_museum0_london_20191219		Viva Mexico\n14/12/16	Long live Mexico!\n14/12/16	Spanish
british_museum0_london_20191219		[...] ‚ù§\n[Ines]	[...] ‚ù§\n[Ines]	Spanish
british_museum0_london_20191219		Vilassar de Mar	Vilassar de Mar [place in Spain]	Spanish
british_museum0_london_20191219		Eva\n‚ù§	Eva\n‚ù§	Spanish
british_museum1_london_20191219		Reeds was here - cool [...]	Reeds was here - cool [...]	English
malaga_university_spain_20190925.jpg		Por favor, pongan al menos un perchero, gracias.	Please put at least one coat rack, thanks.	Spanish
malaga_university_spain_20190925.jpg		[Vesa el pavo de la puertta]	[...]	Spanish
malaga_university_spain_20190925.jpg	reply	Los chaquetones tocan el suelo	The coats touch the ground.	Spanish
malaga_university_spain_20190925.jpg		‚ôÄ girl power ‚ôÄ	‚ôÄ girl power ‚ôÄ	English
malaga_university_spain_20190925.jpg		üëí	üëí	Other
malaga_university_spain_20190925.jpg		‚í∂	‚í∂	Other
victoria_coach_station1_london_20190822.jpg		Jesus is Lord\nNow & 4evermore\nAmen + Amen	Jesus is Lord\nNow and forevermore\nAmen + Amen	English
victoria_coach_station1_london_20190822.jpg	reply	Yeh, no.	Yeh, no.	English
victoria_coach_station1_london_20190822.jpg		‚ù§ Laura + Helen	‚ù§ Laura + Helen	English
victoria_coach_station2_london_20190822.jpg		don't be [transphobic]!\n‚ù§	Don't be [transphobic]!\n‚ù§	English
victoria_coach_station2_london_20190822.jpg	reply	I'm not. But don't write grafitti.	I'm not. But don't write graffiti.	English
victoria_coach_station2_london_20190822.jpg		I never stopped caring A x x	I never stopped caring A x x	English
victoria_coach_station3_london_20190822.jpg		Royal shit	Royal shit	English
bt1		–Ø—Ä	Yar [place name?]	Russian
bt1	correction	–Ø—Ä–æ—Å–ª–∞–≤ —Å—É–∫–∞	Yaroslav is an asshole	Russian
bt2		–ó–∞—á–µ–º?	Why?	Russian
bt3		_enottte_	[nickname?]	Other
bt3		–ß—É–º–∞ –≤–æ –≤—Ä–µ–º—è –ø–∏—Ä–∞!	Plague in time of a feast!	Russian
bt5		‚äï Dnepr Smolensk ‚äï	[FC] Dnepr Smolensk	Russian
bt6		–ø—Ä–æ—Å—Ç–æ —Ç–∞–∫ -	For no reason.	Russian
bt7		- –ø—Ä–æ—Å—Ç–æ —Ç–∞–∫	For no reason.	Russian
bt8		–∫–ª—ë–≤–æ –≤—ã–≥–ª—è–¥–∏—à[—å]	You look cute.	Russian
bt9		–£–±–∏–≤–∞–π—Ç–µ –º—É—Å–æ—Ä–æ–≤ –Ω–æ–≥–∞–º–∏ –≤ –µ–±–ª–æ.	Kill the cops by kicking them in the face.	Russian
bt11		–Ω–∞–ø–∞—Å	?	Russian
bt12		—ç—Ç–æ –§–∏–ø–ø	This is FIPP [Department of history, political science and law at Russian State University for Humanities?]	Russian
bt13		–æ–±–µ—ÄN–∏—Å—å	Turn around.	Russian
bt13		–∫–ª–∞—Å—Å–Ω—ã–π —Ö—É–π	Nice dick.	Russian
bt15	verse	–ú–ì–°–£ - –ú–ò–°–ò - —Ö—É–π —Å–æ—Å–∏	MGSU [Moscow State University of Civil Engineering] - MISI [its old name] - suck dick.	Russian
bt15	verse	–ß–µ–ª—è–±–∏–Ω—Å–∫–∏-—Å–∏—Ç–∏, —Ö—É–π —Å–æ—Å–∏—Ç–µ!	Suck dick Chelyabinsk!	Russian
bt15		–ø—Ä–∏–≤–µ—Ç –≤—Å–µ–º, –∫—Ç–æ [...]	Greetings to everyone who [...]	Russian
bt15		[...] –ø–∏–¥–æ—Ä	[...] is a faggot	Russian
bt16		–ö—Ç–æ –≤–∏–¥–µ–ª –∫–æ–≥–¥–∞ –Ω–∏–±—É–¥—å –≤–µ—Ç–µ—Ä?	Who has ever seen the wind?	Russian
bt17		–ú–µ–∂–¥—É –æ—Ç—á–∞—è–Ω–∏–µ–º –∏ —Å—á–∞—Å—Ç—å–µ–º! üôÉ	Between desperation and happiness! üôÉ	Russian
bt18		–Ω–∞–ø–∞—Å ‚Üí	? ‚Üí	Russian
bt19		–±–ª—è–¥—å, —Ç—ã –æ—Ö—É–µ{–ª}?	Have you lost your fucking mind?	Russian
bt20		Photo Misha	Photo Misha	Russian